{
    "rmse": 0.789696761964178,
    "mae": 0.6438790750123224,
    "r2": 0.04573009268329087
}